arm,protocol,model,auc,n_test,n_def_test,n_clean_test
amp_only,P0,LR,0.9543446244477172,104,97,7
amp_only,P0,RF,0.9955817378497791,104,97,7
amp_only,P1,LR,0.9876473891072431,150,137,13
amp_only,P1,RF,0.9966311061201573,150,137,13
amp_only,P3::HP-U300,LR,0.7355759429153925,572,545,27
amp_only,P3::HP-U300,RF,0.6351342167855929,572,545,27
amp_only,P3::Kohlegelege,LR,0.6753968253968254,71,35,36
amp_only,P3::Kohlegelege,RF,0.4916666666666667,71,35,36
amp_plus_fft,P0,LR,0.946980854197349,104,97,7
amp_plus_fft,P0,RF,0.9889543446244476,104,97,7
amp_plus_fft,P1,LR,0.9865244244806288,150,137,13
amp_plus_fft,P1,RF,0.9960696238068502,150,137,13
amp_plus_fft,P3::HP-U300,LR,0.7743798844716276,572,545,27
amp_plus_fft,P3::HP-U300,RF,0.6434250764525995,572,545,27
amp_plus_fft,P3::Kohlegelege,LR,0.6904761904761905,71,35,36
amp_plus_fft,P3::Kohlegelege,RF,0.513888888888889,71,35,36
