feature_group,protocol,n_features,model,auc,n_test,n_def_test,n_clean_test
A_sensor,P0,7,LR,0.5360824742268041,104,97,7
A_sensor,P0,7,RF,0.5360824742268041,104,97,7
A_sensor,P1,7,LR,0.5218978102189781,150,137,13
A_sensor,P1,7,RF,0.5218978102189781,150,137,13
A_sensor,P3::HP-U300,7,LR,0.5,572,545,27
A_sensor,P3::HP-U300,7,RF,0.5,572,545,27
A_sensor,P3::Kohlegelege,7,LR,0.5,71,35,36
A_sensor,P3::Kohlegelege,7,RF,0.5,71,35,36
B_material,P0,6,LR,0.7857142857142857,104,97,7
B_material,P0,6,RF,0.7857142857142857,104,97,7
B_material,P1,6,LR,0.8913531723750701,150,137,13
B_material,P1,6,RF,0.8913531723750701,150,137,13
B_material,P3::HP-U300,6,LR,0.5,572,545,27
B_material,P3::HP-U300,6,RF,0.5,572,545,27
B_material,P3::Kohlegelege,6,LR,0.5,71,35,36
B_material,P3::Kohlegelege,6,RF,0.5,71,35,36
C_frequency,P0,16,LR,0.8880706921944036,104,97,7
C_frequency,P0,16,RF,0.8880706921944036,104,97,7
C_frequency,P1,16,LR,0.9814710836608647,150,137,13
C_frequency,P1,16,RF,0.9814710836608647,150,137,13
C_frequency,P3::HP-U300,16,LR,0.8512742099898063,572,545,27
C_frequency,P3::HP-U300,16,RF,0.8512742099898063,572,545,27
C_frequency,P3::Kohlegelege,16,LR,0.5654761904761905,71,35,36
C_frequency,P3::Kohlegelege,16,RF,0.5654761904761905,71,35,36
D_sensor+material,P0,13,LR,0.7857142857142857,104,97,7
D_sensor+material,P0,13,RF,0.7857142857142857,104,97,7
D_sensor+material,P1,13,LR,0.8913531723750701,150,137,13
D_sensor+material,P1,13,RF,0.8913531723750701,150,137,13
D_sensor+material,P3::HP-U300,13,LR,0.5,572,545,27
D_sensor+material,P3::HP-U300,13,RF,0.5,572,545,27
D_sensor+material,P3::Kohlegelege,13,LR,0.5,71,35,36
D_sensor+material,P3::Kohlegelege,13,RF,0.5,71,35,36
E_all_acquisition,P0,62,LR,0.9941089837997055,104,97,7
E_all_acquisition,P0,62,RF,0.9926362297496318,104,97,7
E_all_acquisition,P1,62,LR,1.0,150,137,13
E_all_acquisition,P1,62,RF,1.0,150,137,13
E_all_acquisition,P3::HP-U300,62,LR,0.9164797825348284,572,545,27
E_all_acquisition,P3::HP-U300,62,RF,0.9324498810737343,572,545,27
E_all_acquisition,P3::Kohlegelege,62,LR,0.9404761904761905,71,35,36
E_all_acquisition,P3::Kohlegelege,62,RF,0.9210317460317461,71,35,36
