arm,protocol,seed,auc,threshold,best_val_bal_acc,epochs_run
N0_RAW,P0,42,0.9381443298969072,-0.23118881821632384,0.9148936170212766,15
N0_RAW,P0,43,0.9440353460972017,-0.4726613944768903,0.898936170212766,13
N0_RAW,P0,44,0.9543446244477173,-0.25523985862731885,0.9202127659574468,16
N0_RAW,P1,42,0.9803481190342505,-2.1430126094818114,0.8365384615384616,9
N0_RAW,P1,43,0.9657495788882651,-0.9317703634500504,0.875,13
N0_RAW,P1,44,0.9769792251544077,-0.06736877918243407,0.8701923076923077,15
N0_RAW,P3::HP-U300,42,0.742915392456677,-2.0912187242507922,0.8076923076923077,9
N0_RAW,P3::HP-U300,43,0.7022765885151205,-4.741802959442138,0.8846153846153846,11
N0_RAW,P3::HP-U300,44,0.7736323479442746,-1.3363707399368285,0.9615384615384616,11
N0_RAW,P3::Kohlegelege,42,0.7531746031746032,-0.2659007182717322,0.9780219780219781,20
N0_RAW,P3::Kohlegelege,43,0.6531746031746031,-0.6947027456760403,0.9725274725274725,11
N0_RAW,P3::Kohlegelege,44,0.6404761904761904,-0.3385547232627868,0.9780219780219781,17
N1_per_scan_zscore,P0,42,0.9617083946980854,-1.2117510902881623,0.873404255319149,18
N1_per_scan_zscore,P0,43,0.9602356406480117,-0.06603209078311814,0.9127659574468086,14
N1_per_scan_zscore,P0,44,0.9116347569955817,1.646955579519272,0.8361702127659575,8
N1_per_scan_zscore,P1,42,0.8051656372824256,-0.22852188616991043,0.7948717948717949,9
N1_per_scan_zscore,P1,43,0.9859629421673217,-1.9998866462707519,0.7772435897435898,8
N1_per_scan_zscore,P1,44,0.9797866367209432,-0.3283373260498027,0.796474358974359,11
N1_per_scan_zscore,P3::HP-U300,42,0.6821610601427116,-5.450791501998898,0.9615384615384616,19
N1_per_scan_zscore,P3::HP-U300,43,0.6796466190961603,-3.6958564949035644,0.9615384615384616,17
N1_per_scan_zscore,P3::HP-U300,44,0.271763506625892,283.07910400390625,0.5,7
N1_per_scan_zscore,P3::Kohlegelege,42,0.4484126984126984,1.7385539722442624,0.8223443223443223,11
N1_per_scan_zscore,P3::Kohlegelege,43,0.5079365079365079,0.6405773091316223,0.851037851037851,9
N1_per_scan_zscore,P3::Kohlegelege,44,0.5126984126984127,2.6286886715888977,0.7222222222222222,9
N2_robust_median_iqr,P0,42,0.8335787923416789,-0.3703858298063278,0.8382978723404255,8
N2_robust_median_iqr,P0,43,0.8645066273932254,-0.29433420300483704,0.8436170212765958,11
N2_robust_median_iqr,P0,44,0.8821796759941091,-0.2085456103086471,0.8148936170212766,9
N2_robust_median_iqr,P1,42,0.8832116788321168,0.45359015494585025,0.7772435897435898,10
N2_robust_median_iqr,P1,43,0.8848961257720382,-0.1936437183618545,0.8108974358974359,12
N2_robust_median_iqr,P1,44,0.9769792251544076,-0.9527325439453124,0.8173076923076923,11
N2_robust_median_iqr,P3::HP-U300,42,0.3769622833843017,7.002311458587654,0.5,7
N2_robust_median_iqr,P3::HP-U300,43,0.49317023445463815,4.654501132965091,0.4423076923076923,7
N2_robust_median_iqr,P3::HP-U300,44,0.47176350662589195,-0.3457057666778565,0.5384615384615384,11
N2_robust_median_iqr,P3::Kohlegelege,42,0.3992063492063492,-0.3331126472353935,0.8894993894993894,13
N2_robust_median_iqr,P3::Kohlegelege,43,0.4674603174603176,-0.28251109808683394,0.9835164835164836,25
N2_robust_median_iqr,P3::Kohlegelege,44,0.4547619047619048,-0.23610215306282042,0.7301587301587301,11
N3_unit_energy,P0,42,0.9219440353460971,-0.35823657363653183,0.9042553191489362,11
N3_unit_energy,P0,43,0.9381443298969072,0.020705752074719058,0.9202127659574468,14
N3_unit_energy,P0,44,0.9410898379970545,0.1194058215618142,0.9202127659574468,16
N3_unit_energy,P1,42,0.9258843346434589,-0.04984234496951103,0.8012820512820513,17
N3_unit_energy,P1,43,0.9365524985962942,0.19469088196754455,0.8060897435897436,11
N3_unit_energy,P1,44,0.9629421673217293,-0.05029765903949733,0.782051282051282,17
N3_unit_energy,P3::HP-U300,42,0.5725450220863065,-2.3135457992553707,1.0,10
N3_unit_energy,P3::HP-U300,43,0.6457356439007815,-46.87235168457031,0.8461538461538461,11
N3_unit_energy,P3::HP-U300,44,0.6266394835202176,-3.893016662597656,0.8846153846153846,10
N3_unit_energy,P3::Kohlegelege,42,0.607936507936508,0.2073568286001682,0.7448107448107448,13
N3_unit_energy,P3::Kohlegelege,43,0.4388888888888889,0.6688967365026474,0.7057387057387057,12
N3_unit_energy,P3::Kohlegelege,44,0.4579365079365079,-0.5946964991092683,0.9065934065934066,10
N4_magnorm_complex,P0,42,0.9131075110456555,0.8274772703647613,0.875531914893617,12
N4_magnorm_complex,P0,43,0.9057437407952872,-0.19732345044612876,0.9042553191489362,13
N4_magnorm_complex,P0,44,0.8851251840942562,-1.0565868842601776,0.8595744680851064,25
N4_magnorm_complex,P1,42,0.9837170129140932,-0.5294002342224121,0.8173076923076923,25
N4_magnorm_complex,P1,43,0.9781021897810218,0.045249607861042415,0.6746794871794872,9
N4_magnorm_complex,P1,44,0.8343627175743964,-2.593438758850094,0.7211538461538461,8
N4_magnorm_complex,P3::HP-U300,42,0.7158002038735984,-0.7609460663795471,0.7692307692307692,12
N4_magnorm_complex,P3::HP-U300,43,0.7713897383622155,-29.191428909301756,0.9230769230769231,10
N4_magnorm_complex,P3::HP-U300,44,0.5993204213387701,-19.883309783935537,0.8846153846153846,10
N4_magnorm_complex,P3::Kohlegelege,42,0.6253968253968254,-0.01602582156658152,0.9780219780219781,14
N4_magnorm_complex,P3::Kohlegelege,43,0.6261904761904762,-0.5337285941839218,0.9340659340659341,14
N4_magnorm_complex,P3::Kohlegelege,44,0.6253968253968254,0.41125309705734125,0.9835164835164836,18
N5_rank_gauss,P0,42,0.9381443298969071,0.30218740224838325,0.8542553191489362,9
N5_rank_gauss,P0,43,0.9705449189985272,-0.9188638663291929,0.8808510638297873,10
N5_rank_gauss,P0,44,0.9779086892488954,-0.0016092491149898164,0.9521276595744681,19
N5_rank_gauss,P1,42,0.9303761931499157,-0.8126422977447509,0.858974358974359,14
N5_rank_gauss,P1,43,0.9898933183604716,1.006995606422425,0.7564102564102564,13
N5_rank_gauss,P1,44,0.9960696238068502,2.8200486660003654,0.7131410256410255,9
N5_rank_gauss,P3::HP-U300,42,0.6873258579680599,-16.73429988861084,0.8076923076923077,9
N5_rank_gauss,P3::HP-U300,43,0.5919809717974855,-19.285526046752928,0.9230769230769231,13
N5_rank_gauss,P3::HP-U300,44,0.6265715256540945,-2.1937208938598634,0.9230769230769231,8
N5_rank_gauss,P3::Kohlegelege,42,0.6166666666666667,-0.2625240200757968,0.9615384615384616,9
N5_rank_gauss,P3::Kohlegelege,43,0.5380952380952381,1.899227052927018,0.8724053724053724,13
N5_rank_gauss,P3::Kohlegelege,44,0.611904761904762,-0.5229380071163178,0.9780219780219781,9
N6_phase_only,P0,42,0.9175257731958764,-0.03394169688224785,0.8936170212765957,14
N6_phase_only,P0,43,0.7835051546391752,-0.45664275556802747,0.8670212765957447,13
N6_phase_only,P0,44,0.930780559646539,-0.024100760519504234,0.9042553191489362,24
N6_phase_only,P1,42,0.987085906793936,-0.16063126206398012,0.8509615384615384,21
N6_phase_only,P1,43,0.9668725435148793,-0.34173435807228075,0.8317307692307692,10
N6_phase_only,P1,44,0.987085906793936,-0.523103207945823,0.8269230769230769,16
N6_phase_only,P3::HP-U300,42,0.6939177709819911,-0.730240325927734,1.0,8
N6_phase_only,P3::HP-U300,43,0.6224260958205913,-2.398809201717376,0.6923076923076923,18
N6_phase_only,P3::HP-U300,44,0.6117567108392797,-12.899758491516113,0.6923076923076923,11
N6_phase_only,P3::Kohlegelege,42,0.5587301587301587,0.4543955314159396,0.7948717948717949,9
N6_phase_only,P3::Kohlegelege,43,0.634920634920635,-0.26627712696790695,0.8791208791208791,11
N6_phase_only,P3::Kohlegelege,44,0.5865079365079365,-0.05544150143861766,0.9725274725274725,21
