specimen_cfg,defect_type,material,confidence,scan_a,sensor_a,session_a,scan_b,sensor_b,session_b,orientation_a,orientation_b
eddycus:cfg1a561983,gap,0/90° Fabric 524 g/m²,confirmed-by-session,scan_00687,"S15172P2,4H8,5MHz",GB_170629,scan_00690,"S13131P3,3A7,3MHz",GB_170630,0.0,0.0
eddycus:cfg1a561983,gap,0/90° Fabric 524 g/m²,confirmed-by-session,scan_00687,"S15172P2,4H8,5MHz",GB_170629,scan_00691,"S13132P5,8A6,1MHz",GB_170703,0.0,0.0
eddycus:cfg1a561983,gap,0/90° Fabric 524 g/m²,confirmed-by-session,scan_00687,"S15172P2,4H8,5MHz",GB_170629,scan_00692,"S13131P3,3A7,3MHz",GB_170630,0.0,0.0
eddycus:cfg1a561983,gap,0/90° Fabric 524 g/m²,confirmed-by-session,scan_00687,"S15172P2,4H8,5MHz",GB_170629,scan_00693,"S14150P5,8H9,2MHz",GB_170630,0.0,0.0
eddycus:cfg1a561983,gap,0/90° Fabric 524 g/m²,confirmed-by-session,scan_00687,"S15172P2,4H8,5MHz",GB_170629,scan_00696,"S14152P3,3H24,3MHz",GB_170703,0.0,0.0
eddycus:cfg1a561983,gap,0/90° Fabric 524 g/m²,confirmed-by-session,scan_00687,"S15172P2,4H8,5MHz",GB_170629,scan_00699,"S17257P7H17,0MHz",GB_170705,0.0,0.0
eddycus:cfg1a561983,gap,0/90° Fabric 524 g/m²,confirmed-by-session,scan_00690,"S13131P3,3A7,3MHz",GB_170630,scan_00691,"S13132P5,8A6,1MHz",GB_170703,0.0,0.0
eddycus:cfg1a561983,gap,0/90° Fabric 524 g/m²,confirmed-by-session,scan_00690,"S13131P3,3A7,3MHz",GB_170630,scan_00693,"S14150P5,8H9,2MHz",GB_170630,0.0,0.0
eddycus:cfg1a561983,gap,0/90° Fabric 524 g/m²,confirmed-by-session,scan_00690,"S13131P3,3A7,3MHz",GB_170630,scan_00696,"S14152P3,3H24,3MHz",GB_170703,0.0,0.0
eddycus:cfg1a561983,gap,0/90° Fabric 524 g/m²,confirmed-by-session,scan_00690,"S13131P3,3A7,3MHz",GB_170630,scan_00699,"S17257P7H17,0MHz",GB_170705,0.0,0.0
eddycus:cfg1a561983,gap,0/90° Fabric 524 g/m²,confirmed-by-session,scan_00691,"S13132P5,8A6,1MHz",GB_170703,scan_00692,"S13131P3,3A7,3MHz",GB_170630,0.0,0.0
eddycus:cfg1a561983,gap,0/90° Fabric 524 g/m²,confirmed-by-session,scan_00691,"S13132P5,8A6,1MHz",GB_170703,scan_00693,"S14150P5,8H9,2MHz",GB_170630,0.0,0.0
eddycus:cfg1a561983,gap,0/90° Fabric 524 g/m²,confirmed-by-session,scan_00691,"S13132P5,8A6,1MHz",GB_170703,scan_00696,"S14152P3,3H24,3MHz",GB_170703,0.0,0.0
eddycus:cfg1a561983,gap,0/90° Fabric 524 g/m²,confirmed-by-session,scan_00691,"S13132P5,8A6,1MHz",GB_170703,scan_00699,"S17257P7H17,0MHz",GB_170705,0.0,0.0
eddycus:cfg1a561983,gap,0/90° Fabric 524 g/m²,confirmed-by-session,scan_00692,"S13131P3,3A7,3MHz",GB_170630,scan_00693,"S14150P5,8H9,2MHz",GB_170630,0.0,0.0
eddycus:cfg1a561983,gap,0/90° Fabric 524 g/m²,confirmed-by-session,scan_00692,"S13131P3,3A7,3MHz",GB_170630,scan_00696,"S14152P3,3H24,3MHz",GB_170703,0.0,0.0
eddycus:cfg1a561983,gap,0/90° Fabric 524 g/m²,confirmed-by-session,scan_00692,"S13131P3,3A7,3MHz",GB_170630,scan_00699,"S17257P7H17,0MHz",GB_170705,0.0,0.0
eddycus:cfg1a561983,gap,0/90° Fabric 524 g/m²,confirmed-by-session,scan_00693,"S14150P5,8H9,2MHz",GB_170630,scan_00696,"S14152P3,3H24,3MHz",GB_170703,0.0,0.0
eddycus:cfg1a561983,gap,0/90° Fabric 524 g/m²,confirmed-by-session,scan_00693,"S14150P5,8H9,2MHz",GB_170630,scan_00699,"S17257P7H17,0MHz",GB_170705,0.0,0.0
eddycus:cfg1a561983,gap,0/90° Fabric 524 g/m²,confirmed-by-session,scan_00696,"S14152P3,3H24,3MHz",GB_170703,scan_00699,"S17257P7H17,0MHz",GB_170705,0.0,0.0
eddycus:cfg3b4e0707,gap,0/90° Fabric 524 g/m²,confirmed-by-session,scan_00688,"S15172P2,4H8,5MHz",GB_170629,scan_00694,"S14150P5,8H9,2MHz",GB_170630,90.0,90.0
eddycus:cfg3b4e0707,gap,0/90° Fabric 524 g/m²,confirmed-by-session,scan_00688,"S15172P2,4H8,5MHz",GB_170629,scan_00698,"S14152P3,3H24,3MHz",GB_170703,90.0,90.0
eddycus:cfg3b4e0707,gap,0/90° Fabric 524 g/m²,confirmed-by-session,scan_00688,"S15172P2,4H8,5MHz",GB_170629,scan_00700,"S17257P7H17,0MHz",GB_170705,90.0,90.0
eddycus:cfg3b4e0707,gap,0/90° Fabric 524 g/m²,confirmed-by-session,scan_00694,"S14150P5,8H9,2MHz",GB_170630,scan_00698,"S14152P3,3H24,3MHz",GB_170703,90.0,90.0
eddycus:cfg3b4e0707,gap,0/90° Fabric 524 g/m²,confirmed-by-session,scan_00694,"S14150P5,8H9,2MHz",GB_170630,scan_00700,"S17257P7H17,0MHz",GB_170705,90.0,90.0
eddycus:cfg3b4e0707,gap,0/90° Fabric 524 g/m²,confirmed-by-session,scan_00698,"S14152P3,3H24,3MHz",GB_170703,scan_00700,"S17257P7H17,0MHz",GB_170705,90.0,90.0
eddycus:cfg423fe5c2,gap,0/90° Fabric 524 g/m²,confirmed-by-session,scan_00689,"S15172P2,4H8,5MHz",GB_170629,scan_00695,"S14150P5,8H9,2MHz",GB_170630,45.0,45.0
eddycus:cfg423fe5c2,gap,0/90° Fabric 524 g/m²,confirmed-by-session,scan_00689,"S15172P2,4H8,5MHz",GB_170629,scan_00697,"S14152P3,3H24,3MHz",GB_170703,45.0,45.0
eddycus:cfg423fe5c2,gap,0/90° Fabric 524 g/m²,confirmed-by-session,scan_00689,"S15172P2,4H8,5MHz",GB_170629,scan_00701,"S17257P7H17,0MHz",GB_170705,45.0,45.0
eddycus:cfg423fe5c2,gap,0/90° Fabric 524 g/m²,confirmed-by-session,scan_00695,"S14150P5,8H9,2MHz",GB_170630,scan_00697,"S14152P3,3H24,3MHz",GB_170703,45.0,45.0
eddycus:cfg423fe5c2,gap,0/90° Fabric 524 g/m²,confirmed-by-session,scan_00695,"S14150P5,8H9,2MHz",GB_170630,scan_00701,"S17257P7H17,0MHz",GB_170705,45.0,45.0
eddycus:cfg423fe5c2,gap,0/90° Fabric 524 g/m²,confirmed-by-session,scan_00697,"S14152P3,3H24,3MHz",GB_170703,scan_00701,"S17257P7H17,0MHz",GB_170705,45.0,45.0
eddycus:cfg49a36ca4,gap,0/90° Fabric 524 g/m²,confirmed-by-session,scan_00705,"S15172P2,4H8,5MHz",GB_170629,scan_00708,"S14152P3,3H24,3MHz",GB_170703,90.0,90.0
eddycus:cfg49a36ca4,gap,0/90° Fabric 524 g/m²,confirmed-by-session,scan_00705,"S15172P2,4H8,5MHz",GB_170629,scan_00712,"S14150P5,8H9,2MHz",GB_170630,90.0,90.0
eddycus:cfg49a36ca4,gap,0/90° Fabric 524 g/m²,confirmed-by-session,scan_00705,"S15172P2,4H8,5MHz",GB_170629,scan_00715,"S17257P7H17,0MHz",GB_170705,90.0,90.0
eddycus:cfg49a36ca4,gap,0/90° Fabric 524 g/m²,confirmed-by-session,scan_00708,"S14152P3,3H24,3MHz",GB_170703,scan_00712,"S14150P5,8H9,2MHz",GB_170630,90.0,90.0
eddycus:cfg49a36ca4,gap,0/90° Fabric 524 g/m²,confirmed-by-session,scan_00708,"S14152P3,3H24,3MHz",GB_170703,scan_00715,"S17257P7H17,0MHz",GB_170705,90.0,90.0
eddycus:cfg49a36ca4,gap,0/90° Fabric 524 g/m²,confirmed-by-session,scan_00712,"S14150P5,8H9,2MHz",GB_170630,scan_00715,"S17257P7H17,0MHz",GB_170705,90.0,90.0
eddycus:cfg7812b915,gap,0/90° Fabric 524 g/m²,confirmed-by-session,scan_00706,"S15172P2,4H8,5MHz",GB_170629,scan_00709,"S14152P3,3H24,3MHz",GB_170703,45.0,45.0
eddycus:cfg7812b915,gap,0/90° Fabric 524 g/m²,confirmed-by-session,scan_00706,"S15172P2,4H8,5MHz",GB_170629,scan_00711,"S14150P5,8H9,2MHz",GB_170630,45.0,45.0
eddycus:cfg7812b915,gap,0/90° Fabric 524 g/m²,confirmed-by-session,scan_00706,"S15172P2,4H8,5MHz",GB_170629,scan_00714,"S17257P7H17,0MHz",GB_170705,45.0,45.0
eddycus:cfg7812b915,gap,0/90° Fabric 524 g/m²,confirmed-by-session,scan_00709,"S14152P3,3H24,3MHz",GB_170703,scan_00711,"S14150P5,8H9,2MHz",GB_170630,45.0,45.0
eddycus:cfg7812b915,gap,0/90° Fabric 524 g/m²,confirmed-by-session,scan_00709,"S14152P3,3H24,3MHz",GB_170703,scan_00714,"S17257P7H17,0MHz",GB_170705,45.0,45.0
eddycus:cfg7812b915,gap,0/90° Fabric 524 g/m²,confirmed-by-session,scan_00711,"S14150P5,8H9,2MHz",GB_170630,scan_00714,"S17257P7H17,0MHz",GB_170705,45.0,45.0
eddycus:cfg85868e76,gap,0/90° Fabric 524 g/m²,confirmed-by-session,scan_00716,"S13131P3,3A7,3MHz",GB_170630,scan_00719,"S13132P5,8A6,1MHz",GB_170703,0.0,0.0
eddycus:cfg85868e76,gap,0/90° Fabric 524 g/m²,confirmed-by-session,scan_00716,"S13131P3,3A7,3MHz",GB_170630,scan_00720,"S15172P2,4H8,5MHz",GB_170629,0.0,0.0
eddycus:cfg85868e76,gap,0/90° Fabric 524 g/m²,confirmed-by-session,scan_00716,"S13131P3,3A7,3MHz",GB_170630,scan_00721,"S15172P2,4H8,5MHz",GB_170629,0.0,0.0
eddycus:cfg85868e76,gap,0/90° Fabric 524 g/m²,confirmed-by-session,scan_00717,"S13131P3,3A7,3MHz",GB_170630,scan_00719,"S13132P5,8A6,1MHz",GB_170703,0.0,0.0
eddycus:cfg85868e76,gap,0/90° Fabric 524 g/m²,confirmed-by-session,scan_00717,"S13131P3,3A7,3MHz",GB_170630,scan_00720,"S15172P2,4H8,5MHz",GB_170629,0.0,0.0
eddycus:cfg85868e76,gap,0/90° Fabric 524 g/m²,confirmed-by-session,scan_00717,"S13131P3,3A7,3MHz",GB_170630,scan_00721,"S15172P2,4H8,5MHz",GB_170629,0.0,0.0
eddycus:cfg85868e76,gap,0/90° Fabric 524 g/m²,confirmed-by-session,scan_00718,"S13131P3,3A7,3MHz",GB_170630,scan_00719,"S13132P5,8A6,1MHz",GB_170703,0.0,0.0
eddycus:cfg85868e76,gap,0/90° Fabric 524 g/m²,confirmed-by-session,scan_00718,"S13131P3,3A7,3MHz",GB_170630,scan_00720,"S15172P2,4H8,5MHz",GB_170629,0.0,0.0
eddycus:cfg85868e76,gap,0/90° Fabric 524 g/m²,confirmed-by-session,scan_00718,"S13131P3,3A7,3MHz",GB_170630,scan_00721,"S15172P2,4H8,5MHz",GB_170629,0.0,0.0
eddycus:cfg85868e76,gap,0/90° Fabric 524 g/m²,confirmed-by-session,scan_00719,"S13132P5,8A6,1MHz",GB_170703,scan_00720,"S15172P2,4H8,5MHz",GB_170629,0.0,0.0
eddycus:cfg85868e76,gap,0/90° Fabric 524 g/m²,confirmed-by-session,scan_00719,"S13132P5,8A6,1MHz",GB_170703,scan_00721,"S15172P2,4H8,5MHz",GB_170629,0.0,0.0
eddycus:cfg933d0c6e,gap,0/90° Fabric 524 g/m²,confirmed-by-session,scan_00702,"S13132P5,8A6,1MHz",GB_170703,scan_00703,"S13131P3,3A7,3MHz",GB_170630,0.0,0.0
eddycus:cfg933d0c6e,gap,0/90° Fabric 524 g/m²,confirmed-by-session,scan_00702,"S13132P5,8A6,1MHz",GB_170703,scan_00704,"S15172P2,4H8,5MHz",GB_170629,0.0,0.0
eddycus:cfg933d0c6e,gap,0/90° Fabric 524 g/m²,confirmed-by-session,scan_00702,"S13132P5,8A6,1MHz",GB_170703,scan_00707,"S14152P3,3H24,3MHz",GB_170703,0.0,0.0
eddycus:cfg933d0c6e,gap,0/90° Fabric 524 g/m²,confirmed-by-session,scan_00702,"S13132P5,8A6,1MHz",GB_170703,scan_00710,"S14150P5,8H9,2MHz",GB_170630,0.0,0.0
eddycus:cfg933d0c6e,gap,0/90° Fabric 524 g/m²,confirmed-by-session,scan_00702,"S13132P5,8A6,1MHz",GB_170703,scan_00713,"S17257P7H17,0MHz",GB_170705,0.0,0.0
eddycus:cfg933d0c6e,gap,0/90° Fabric 524 g/m²,confirmed-by-session,scan_00703,"S13131P3,3A7,3MHz",GB_170630,scan_00704,"S15172P2,4H8,5MHz",GB_170629,0.0,0.0
eddycus:cfg933d0c6e,gap,0/90° Fabric 524 g/m²,confirmed-by-session,scan_00703,"S13131P3,3A7,3MHz",GB_170630,scan_00707,"S14152P3,3H24,3MHz",GB_170703,0.0,0.0
eddycus:cfg933d0c6e,gap,0/90° Fabric 524 g/m²,confirmed-by-session,scan_00703,"S13131P3,3A7,3MHz",GB_170630,scan_00710,"S14150P5,8H9,2MHz",GB_170630,0.0,0.0
eddycus:cfg933d0c6e,gap,0/90° Fabric 524 g/m²,confirmed-by-session,scan_00703,"S13131P3,3A7,3MHz",GB_170630,scan_00713,"S17257P7H17,0MHz",GB_170705,0.0,0.0
eddycus:cfg933d0c6e,gap,0/90° Fabric 524 g/m²,confirmed-by-session,scan_00704,"S15172P2,4H8,5MHz",GB_170629,scan_00707,"S14152P3,3H24,3MHz",GB_170703,0.0,0.0
eddycus:cfg933d0c6e,gap,0/90° Fabric 524 g/m²,confirmed-by-session,scan_00704,"S15172P2,4H8,5MHz",GB_170629,scan_00710,"S14150P5,8H9,2MHz",GB_170630,0.0,0.0
eddycus:cfg933d0c6e,gap,0/90° Fabric 524 g/m²,confirmed-by-session,scan_00704,"S15172P2,4H8,5MHz",GB_170629,scan_00713,"S17257P7H17,0MHz",GB_170705,0.0,0.0
eddycus:cfg933d0c6e,gap,0/90° Fabric 524 g/m²,confirmed-by-session,scan_00707,"S14152P3,3H24,3MHz",GB_170703,scan_00710,"S14150P5,8H9,2MHz",GB_170630,0.0,0.0
eddycus:cfg933d0c6e,gap,0/90° Fabric 524 g/m²,confirmed-by-session,scan_00707,"S14152P3,3H24,3MHz",GB_170703,scan_00713,"S17257P7H17,0MHz",GB_170705,0.0,0.0
eddycus:cfg933d0c6e,gap,0/90° Fabric 524 g/m²,confirmed-by-session,scan_00710,"S14150P5,8H9,2MHz",GB_170630,scan_00713,"S17257P7H17,0MHz",GB_170705,0.0,0.0
