protocol,method,seed,n_test,n_pos_test,threshold,balanced_acc,f1,recall,auc,fit_s,epochs_run,peak_vram_gb,tpr_at_fpr10
P0,classical-LR,42,104,97,0.36257185103298806,0.9278350515463918,0.9222222222222223,0.8556701030927835,0.9440353460972017,1.22,,,
P0,classical-RF,42,104,97,0.85652,0.9587628865979381,0.956989247311828,0.9175257731958762,0.9852724594992637,0.77,,,
P0,classical-SVM,42,104,97,0.9810590905649649,0.9020618556701031,0.8914285714285715,0.8041237113402062,0.9293078055964653,0.04,,,
P0,probe-RN18-inet,42,104,97,0.72196309820899,0.8159057437407953,0.9468085106382979,0.9175257731958762,0.9234167893961708,,,,
P0,probe-RN18-inet,43,104,97,0.72196309820899,0.8159057437407953,0.9468085106382979,0.9175257731958762,0.9234167893961708,,,,
P0,probe-RN18-inet,44,104,97,0.72196309820899,0.8159057437407953,0.9468085106382979,0.9175257731958762,0.9234167893961708,,,,
P0,probe-ViT-B16-inet,42,104,97,0.41147154083608195,0.8313696612665684,0.9633507853403142,0.9484536082474226,0.9734904270986745,,,,
P0,probe-ViT-B16-inet,43,104,97,0.41147154083608195,0.8313696612665684,0.9633507853403142,0.9484536082474226,0.9734904270986745,,,,
P0,probe-ViT-B16-inet,44,104,97,0.41147154083608195,0.8313696612665684,0.9633507853403142,0.9484536082474226,0.9734904270986745,,,,
P0,cnn-scratch-RN18,42,104,97,-0.011361411139368574,0.9278350515463918,0.9222222222222223,0.8556701030927835,0.9072164948453608,4.8,14.0,0.88,
P0,cnn-scratch-RN18,43,104,97,0.03960016369819641,0.9381443298969072,0.9340659340659341,0.8762886597938144,0.9293078055964654,4.7,14.0,0.88,
P0,cnn-scratch-RN18,44,104,97,-0.08796529054641723,0.9329896907216495,0.9281767955801105,0.865979381443299,0.9440353460972017,3.7,11.0,0.88,
P0,cnn-inet-RN18,42,104,97,0.13147580891847682,0.9278350515463918,0.9222222222222223,0.8556701030927835,0.9307805596465389,5.2,16.0,0.88,
P0,cnn-inet-RN18,43,104,97,-0.7379677104949947,0.9484536082474226,0.9456521739130435,0.8969072164948454,0.9528718703976435,4.6,14.0,0.88,
P0,cnn-inet-RN18,44,104,97,-1.009499933719635,0.8873343151693667,0.9518716577540107,0.9175257731958762,0.946980854197349,8.2,24.0,0.88,
P1,classical-LR,42,150,137,0.5790934302528907,0.9781021897810219,0.9776119402985075,0.9562043795620438,0.9882088714205502,0.77,,,
P1,classical-RF,42,150,137,0.88658,0.9505895564289726,0.9852941176470589,0.9781021897810219,0.9949466591802358,0.94,,,
P1,classical-SVM,42,150,137,0.9740229652899894,0.9598540145985401,0.9581749049429658,0.9197080291970803,0.978663672094329,0.04,,,
P1,probe-RN18-inet,42,150,137,0.9313651779778677,0.828186412128018,0.888,0.8102189781021898,0.9112857944974734,,,,
P1,probe-RN18-inet,43,150,137,0.9313651779778677,0.828186412128018,0.888,0.8102189781021898,0.9112857944974734,,,,
P1,probe-RN18-inet,44,150,137,0.9313651779778677,0.828186412128018,0.888,0.8102189781021898,0.9112857944974734,,,,
P1,probe-ViT-B16-inet,42,150,137,0.9908287887479057,0.5996631106120157,0.7207207207207207,0.583941605839416,0.6445816956765862,,,,
P1,probe-ViT-B16-inet,43,150,137,0.9908287887479057,0.5996631106120157,0.7207207207207207,0.583941605839416,0.6445816956765862,,,,
P1,probe-ViT-B16-inet,44,150,137,0.9908287887479057,0.5996631106120157,0.7207207207207207,0.583941605839416,0.6445816956765862,,,,
P1,cnn-scratch-RN18,42,150,137,-0.1487378983199595,0.9048287478944413,0.974169741697417,0.9635036496350365,0.978102189781022,4.4,15.0,1.19,
P1,cnn-scratch-RN18,43,150,137,-0.6048882865905759,0.9048287478944413,0.974169741697417,0.9635036496350365,0.978663672094329,3.9,13.0,1.19,
P1,cnn-scratch-RN18,44,150,137,-0.7652090203762056,0.9048287478944413,0.974169741697417,0.9635036496350365,0.9640651319483438,3.5,12.0,1.19,
P1,cnn-inet-RN18,42,150,137,-0.5052448511123657,0.9432902863559798,0.9777777777777777,0.9635036496350365,0.9814710836608647,3.5,12.0,1.19,
P1,cnn-inet-RN18,43,150,137,-0.6694975805282593,0.9817518248175183,0.9814126394052045,0.9635036496350365,0.9736103312745649,3.4,12.0,1.19,
P1,cnn-inet-RN18,44,150,137,-2.301188974380493,0.6850084222346996,0.9642857142857143,0.9854014598540146,0.8304323413812464,2.1,7.0,1.19,
P2,classical-LR,42,46,46,0.31635627575918707,0.8695652173913043,0.9302325581395349,0.8695652173913043,,1.23,,,0.8695652173913043
P2,classical-RF,42,46,46,0.766,0.6304347826086957,0.7733333333333333,0.6304347826086957,,0.76,,,0.6304347826086957
P2,classical-SVM,42,46,46,0.6877733386597847,1.0,1.0,1.0,,0.04,,,1.0
P2,probe-RN18-inet,42,46,46,0.7742648715937844,0.9347826086956522,0.9662921348314607,0.9347826086956522,,,,,0.9347826086956522
P2,probe-RN18-inet,43,46,46,0.7742648715937844,0.9347826086956522,0.9662921348314607,0.9347826086956522,,,,,0.9347826086956522
P2,probe-RN18-inet,44,46,46,0.7742648715937844,0.9347826086956522,0.9662921348314607,0.9347826086956522,,,,,0.9347826086956522
P2,probe-ViT-B16-inet,42,46,46,0.9194664902812264,0.6739130434782609,0.8051948051948052,0.6739130434782609,,,,,0.6739130434782609
P2,probe-ViT-B16-inet,43,46,46,0.9194664902812264,0.6739130434782609,0.8051948051948052,0.6739130434782609,,,,,0.6739130434782609
P2,probe-ViT-B16-inet,44,46,46,0.9194664902812264,0.6739130434782609,0.8051948051948052,0.6739130434782609,,,,,0.6739130434782609
P2,cnn-scratch-RN18,42,46,46,-0.7278526067733765,0.34782608695652173,0.5161290322580645,0.34782608695652173,,5.0,14.0,0.79,0.34782608695652173
P2,cnn-scratch-RN18,43,46,46,-1.0631419181823731,0.782608695652174,0.8780487804878049,0.782608695652174,,3.4,9.0,0.79,0.782608695652174
P2,cnn-scratch-RN18,44,46,46,-0.5374375581741333,0.3695652173913043,0.5396825396825397,0.3695652173913043,,5.4,15.0,0.79,0.3695652173913043
P2,cnn-inet-RN18,42,46,46,-0.7520304799079895,0.32608695652173914,0.4918032786885246,0.32608695652173914,,6.4,18.0,0.79,0.32608695652173914
P2,cnn-inet-RN18,43,46,46,-0.3187514066696167,0.32608695652173914,0.4918032786885246,0.32608695652173914,,3.6,10.0,0.79,0.32608695652173914
P2,cnn-inet-RN18,44,46,46,-0.4795984148979187,0.32608695652173914,0.4918032786885246,0.32608695652173914,,4.9,14.0,0.79,0.32608695652173914
P3::HP-U300,classical-LR,42,572,545,0.12227587921636064,0.5927624872579,0.9624197983501375,0.963302752293578,0.7096839959225281,0.42,,,
P3::HP-U300,classical-RF,42,572,545,0.09112000000000003,0.5630648997621475,0.9682107175295186,0.9779816513761468,0.6782534828406388,0.76,,,
P3::HP-U300,classical-SVM,42,572,545,0.39132712846301754,0.5185185185185185,0.9767025089605734,1.0,0.7310227658851514,0.01,,,
P3::HP-U300,probe-RN18-inet,42,572,545,0.19319075774750674,0.5582398912674142,0.884272997032641,0.8201834862385321,0.6638124362895005,,,,
P3::HP-U300,probe-RN18-inet,43,572,545,0.19319075774750674,0.5582398912674142,0.884272997032641,0.8201834862385321,0.6638124362895005,,,,
P3::HP-U300,probe-RN18-inet,44,572,545,0.19319075774750674,0.5582398912674142,0.884272997032641,0.8201834862385321,0.6638124362895005,,,,
P3::HP-U300,probe-ViT-B16-inet,42,572,545,0.11195748945517314,0.5525654094461434,0.898635477582846,0.8458715596330275,0.5932721712538227,,,,
P3::HP-U300,probe-ViT-B16-inet,43,572,545,0.11195748945517314,0.5525654094461434,0.898635477582846,0.8458715596330275,0.5932721712538227,,,,
P3::HP-U300,probe-ViT-B16-inet,44,572,545,0.11195748945517314,0.5525654094461434,0.898635477582846,0.8458715596330275,0.5932721712538227,,,,
P3::HP-U300,cnn-scratch-RN18,42,572,545,-6.7202773284912105,0.5938498131158682,0.9449112978524743,0.9284403669724771,0.7336051647978254,1.3,14.0,3.97,
P3::HP-U300,cnn-scratch-RN18,43,572,545,-2.1290369415283203,0.54638124362895,0.9692028985507246,0.981651376146789,0.7150526673462453,0.9,10.0,3.97,
P3::HP-U300,cnn-scratch-RN18,44,572,545,-2.3981217288970944,0.48457356439007815,0.9416126042632067,0.9321100917431193,0.5329935440027184,0.9,9.0,3.97,
P3::HP-U300,cnn-inet-RN18,42,572,545,-30.203098760843275,0.5947672443085287,0.9458955223880597,0.9302752293577982,0.7034318722392118,1.1,11.0,3.97,
P3::HP-U300,cnn-inet-RN18,43,572,545,-62.34222255706786,0.5065919130139314,0.9646418857660924,0.9761467889908257,0.599864084267754,0.9,9.0,3.97,
P3::HP-U300,cnn-inet-RN18,44,572,545,-3.914177370071411,0.5872579001019368,0.9566820276497696,0.9522935779816514,0.6384641522256201,0.9,10.0,3.97,
P3::Kohlegelege,classical-LR,42,71,35,0.4190949437976028,0.5325396825396825,0.42105263157894735,0.34285714285714286,0.6158730158730159,0.5,,,
P3::Kohlegelege,classical-RF,42,71,35,0.9034,0.551984126984127,0.6190476190476191,0.7428571428571429,0.5452380952380953,0.77,,,
P3::Kohlegelege,classical-SVM,42,71,35,0.9447304919157624,0.515079365079365,0.15,0.08571428571428572,0.5666666666666668,0.05,,,
P3::Kohlegelege,probe-RN18-inet,42,71,35,0.9662884854943133,0.4869047619047619,0.1,0.05714285714285714,0.38492063492063494,,,,
P3::Kohlegelege,probe-RN18-inet,43,71,35,0.9662884854943133,0.4869047619047619,0.1,0.05714285714285714,0.38492063492063494,,,,
P3::Kohlegelege,probe-RN18-inet,44,71,35,0.9662884854943133,0.4869047619047619,0.1,0.05714285714285714,0.38492063492063494,,,,
P3::Kohlegelege,probe-ViT-B16-inet,42,71,35,0.9265224048739517,0.44841269841269843,0.3389830508474576,0.2857142857142857,0.46984126984126984,,,,
P3::Kohlegelege,probe-ViT-B16-inet,43,71,35,0.9265224048739517,0.44841269841269843,0.3389830508474576,0.2857142857142857,0.46984126984126984,,,,
P3::Kohlegelege,probe-ViT-B16-inet,44,71,35,0.9265224048739517,0.44841269841269843,0.3389830508474576,0.2857142857142857,0.46984126984126984,,,,
P3::Kohlegelege,cnn-scratch-RN18,42,71,35,-0.8062230885028837,0.6365079365079365,0.6904761904761905,0.8285714285714286,0.6722222222222223,6.5,19.0,0.86,
P3::Kohlegelege,cnn-scratch-RN18,43,71,35,0.3609871864318841,0.6468253968253967,0.6153846153846154,0.5714285714285714,0.7476190476190476,5.2,15.0,0.86,
P3::Kohlegelege,cnn-scratch-RN18,44,71,35,-0.7951194047927858,0.5972222222222222,0.7070707070707071,1.0,0.7507936507936508,3.9,11.0,0.86,
P3::Kohlegelege,cnn-inet-RN18,42,71,35,-0.13870760202407834,0.473015873015873,0.0975609756097561,0.05714285714285714,0.6222222222222222,3.2,9.0,0.86,
P3::Kohlegelege,cnn-inet-RN18,43,71,35,-1.2422154331207276,0.6805555555555556,0.7526881720430108,1.0,0.7087301587301587,5.6,16.0,0.86,
P3::Kohlegelege,cnn-inet-RN18,44,71,35,-0.23847326040267966,0.7083333333333334,0.7692307692307693,1.0,0.7357142857142857,5.7,16.0,0.86,
P3::0-90-Fabric-524,classical-LR,42,36,36,0.50038720411665,0.9722222222222222,0.9859154929577465,0.9722222222222222,,0.02,,,0.9722222222222222
P3::0-90-Fabric-524,classical-RF,42,36,36,0.774,1.0,1.0,1.0,,1.02,,,1.0
P3::0-90-Fabric-524,classical-SVM,42,36,36,0.9698757260536374,1.0,1.0,1.0,,0.04,,,1.0
P3::0-90-Fabric-524,probe-RN18-inet,42,36,36,0.6044015276988428,0.8055555555555556,0.8923076923076924,0.8055555555555556,,,,,0.8055555555555556
P3::0-90-Fabric-524,probe-RN18-inet,43,36,36,0.6044015276988428,0.8055555555555556,0.8923076923076924,0.8055555555555556,,,,,0.8055555555555556
P3::0-90-Fabric-524,probe-RN18-inet,44,36,36,0.6044015276988428,0.8055555555555556,0.8923076923076924,0.8055555555555556,,,,,0.8055555555555556
P3::0-90-Fabric-524,probe-ViT-B16-inet,42,36,36,0.9859079609482195,0.2777777777777778,0.43478260869565216,0.2777777777777778,,,,,0.2777777777777778
P3::0-90-Fabric-524,probe-ViT-B16-inet,43,36,36,0.9859079609482195,0.2777777777777778,0.43478260869565216,0.2777777777777778,,,,,0.2777777777777778
P3::0-90-Fabric-524,probe-ViT-B16-inet,44,36,36,0.9859079609482195,0.2777777777777778,0.43478260869565216,0.2777777777777778,,,,,0.2777777777777778
P3::0-90-Fabric-524,cnn-scratch-RN18,42,36,36,-1.22055983543396,0.5,0.6666666666666666,0.5,,4.7,13.0,0.88,0.5
P3::0-90-Fabric-524,cnn-scratch-RN18,43,36,36,-1.10564067363739,0.5,0.6666666666666666,0.5,,3.6,10.0,0.88,0.5
P3::0-90-Fabric-524,cnn-scratch-RN18,44,36,36,-1.5043947458267213,0.8055555555555556,0.8923076923076924,0.8055555555555556,,3.9,11.0,0.88,0.8055555555555556
P3::0-90-Fabric-524,cnn-inet-RN18,42,36,36,-0.45180962085723875,0.5833333333333334,0.7368421052631579,0.5833333333333334,,5.8,16.0,0.88,0.5833333333333334
P3::0-90-Fabric-524,cnn-inet-RN18,43,36,36,-1.4631450176239014,0.9444444444444444,0.9714285714285714,0.9444444444444444,,8.3,23.0,0.88,0.9444444444444444
P3::0-90-Fabric-524,cnn-inet-RN18,44,36,36,-0.5982980728149414,0.75,0.8571428571428571,0.75,,3.7,10.0,0.88,0.75
